[{"id": 1, "category_id": 6, "iscrowd": 0, "segmentation": [[383.0, 464.0, 390.0, 415.0, 486.0, 426.0, 483.0, 472.0]], "image_id": 181, "bbox": [383.0, 415.0, 103.0, 57.0]}, {"id": 2, "category_id": 4, "iscrowd": 0, "segmentation": [[491.0, 424.0, 538.0, 428.0, 532.0, 477.0, 488.0, 472.0]], "image_id": 181, "bbox": [488.0, 424.0, 50.0, 53.0]}, {"id": 3, "category_id": 5, "iscrowd": 0, "segmentation": [[550.0, 331.0, 542.0, 424.0, 494.0, 421.0, 496.0, 377.0, 453.0, 367.0, 453.0, 319.0]], "image_id": 181, "bbox": [453.0, 319.0, 97.0, 105.0]}, {"id": 4, "category_id": 3, "iscrowd": 0, "segmentation": [[401.0, 319.0, 448.0, 322.0, 445.0, 371.0, 487.0, 377.0, 486.0, 425.0, 389.0, 412.0]], "image_id": 181, "bbox": [389.0, 319.0, 98.0, 106.0]}, {"id": 5, "category_id": 7, "iscrowd": 0, "segmentation": [[366.0, 311.0, 416.0, 313.0, 416.0, 355.0, 463.0, 356.0, 463.0, 310.0, 510.0, 312.0, 513.0, 263.0, 365.0, 262.0]], "image_id": 182, "bbox": [365.0, 262.0, 148.0, 94.0]}, {"id": 6, "category_id": 4, "iscrowd": 0, "segmentation": [[462.0, 409.0, 516.0, 410.0, 516.0, 310.0, 467.0, 312.0]], "image_id": 182, "bbox": [462.0, 310.0, 54.0, 100.0]}, {"id": 7, "category_id": 5, "iscrowd": 0, "segmentation": [[355.0, 324.0, 355.0, 324.0, 365.0, 415.0, 460.0, 413.0, 459.0, 362.0, 410.0, 362.0, 407.0, 318.0]], "image_id": 182, "bbox": [355.0, 318.0, 105.0, 97.0]}, {"id": 8, "category_id": 7, "iscrowd": 0, "segmentation": [[545.0, 253.0, 545.0, 253.0, 497.0, 245.0, 489.0, 291.0, 444.0, 283.0, 434.0, 330.0, 480.0, 340.0, 476.0, 387.0, 523.0, 392.0]], "image_id": 183, "bbox": [434.0, 245.0, 111.0, 147.0]}, {"id": 9, "category_id": 4, "iscrowd": 0, "segmentation": [[379.0, 373.0, 379.0, 373.0, 384.0, 329.0, 478.0, 342.0, 472.0, 382.0, 470.0, 390.0]], "image_id": 183, "bbox": [379.0, 329.0, 99.0, 61.0]}, {"id": 10, "category_id": 5, "iscrowd": 0, "segmentation": [[384.0, 319.0, 384.0, 319.0, 396.0, 225.0, 494.0, 242.0, 485.0, 288.0, 437.0, 284.0, 432.0, 332.0]], "image_id": 183, "bbox": [384.0, 225.0, 110.0, 107.0]}, {"id": 11, "category_id": 3, "iscrowd": 0, "segmentation": [[368.0, 372.0, 368.0, 372.0, 368.0, 326.0, 411.0, 326.0, 412.0, 371.0]], "image_id": 184, "bbox": [368.0, 326.0, 44.0, 46.0]}, {"id": 12, "category_id": 1, "iscrowd": 0, "segmentation": [[421.0, 365.0, 421.0, 365.0, 419.0, 323.0, 504.0, 322.0, 514.0, 323.0, 516.0, 367.0]], "image_id": 184, "bbox": [419.0, 322.0, 97.0, 45.0]}, {"id": 13, "category_id": 2, "iscrowd": 0, "segmentation": [[420.0, 412.0, 420.0, 412.0, 419.0, 368.0, 519.0, 371.0, 517.0, 416.0]], "image_id": 184, "bbox": [419.0, 368.0, 100.0, 48.0]}, {"id": 14, "category_id": 7, "iscrowd": 0, "segmentation": [[472.0, 464.0, 472.0, 464.0, 463.0, 465.0, 458.0, 419.0, 518.0, 416.0, 518.0, 464.0]], "image_id": 184, "bbox": [458.0, 416.0, 60.0, 49.0]}, {"id": 15, "category_id": 5, "iscrowd": 0, "segmentation": [[363.0, 471.0, 363.0, 471.0, 362.0, 376.0, 415.0, 375.0, 415.0, 426.0, 460.0, 425.0, 459.0, 475.0]], "image_id": 184, "bbox": [362.0, 375.0, 98.0, 100.0]}, {"id": 16, "category_id": 5, "iscrowd": 0, "segmentation": [[362.0, 347.0, 362.0, 347.0, 373.0, 248.0, 467.0, 261.0, 465.0, 313.0, 416.0, 310.0, 407.0, 355.0, 363.0, 348.0]], "image_id": 185, "bbox": [362.0, 248.0, 105.0, 107.0]}, {"id": 17, "category_id": 2, "iscrowd": 0, "segmentation": [[403.0, 405.0, 403.0, 405.0, 418.0, 306.0, 468.0, 314.0, 453.0, 415.0]], "image_id": 185, "bbox": [403.0, 306.0, 65.0, 109.0]}, {"id": 18, "category_id": 1, "iscrowd": 0, "segmentation": [[469.0, 312.0, 469.0, 312.0, 515.0, 317.0, 503.0, 413.0, 455.0, 407.0]], "image_id": 185, "bbox": [455.0, 312.0, 60.0, 101.0]}, {"id": 19, "category_id": 3, "iscrowd": 0, "segmentation": [[471.0, 262.0, 471.0, 262.0, 520.0, 269.0, 513.0, 315.0, 468.0, 306.0]], "image_id": 185, "bbox": [468.0, 262.0, 52.0, 53.0]}, {"id": 20, "category_id": 7, "iscrowd": 0, "segmentation": [[356.0, 396.0, 356.0, 396.0, 361.0, 348.0, 403.0, 355.0, 403.0, 403.0]], "image_id": 185, "bbox": [356.0, 348.0, 47.0, 55.0]}, {"id": 21, "category_id": 4, "iscrowd": 0, "segmentation": [[350.0, 275.0, 353.0, 323.0, 400.0, 325.0, 400.0, 274.0]], "image_id": 186, "bbox": [350.0, 274.0, 50.0, 51.0]}, {"id": 22, "category_id": 1, "iscrowd": 0, "segmentation": [[404.0, 281.0, 404.0, 281.0, 498.0, 282.0, 498.0, 329.0, 404.0, 326.0]], "image_id": 186, "bbox": [404.0, 281.0, 94.0, 48.0]}, {"id": 23, "category_id": 3, "iscrowd": 0, "segmentation": [[400.0, 374.0, 400.0, 374.0, 401.0, 330.0, 498.0, 333.0, 494.0, 425.0, 444.0, 425.0, 444.0, 378.0]], "image_id": 186, "bbox": [400.0, 330.0, 98.0, 95.0]}, {"id": 24, "category_id": 5, "iscrowd": 0, "segmentation": [[352.0, 331.0, 352.0, 331.0, 345.0, 334.0, 344.0, 427.0, 442.0, 427.0, 444.0, 377.0, 397.0, 376.0, 395.0, 330.0]], "image_id": 186, "bbox": [344.0, 330.0, 100.0, 97.0]}, {"id": 25, "category_id": 6, "iscrowd": 0, "segmentation": [[308.0, 312.0, 308.0, 312.0, 449.0, 311.0, 454.0, 305.0, 455.0, 266.0, 448.0, 261.0, 303.0, 260.0, 303.0, 310.0]], "image_id": 187, "bbox": [303.0, 260.0, 152.0, 52.0]}, {"id": 26, "category_id": 1, "iscrowd": 0, "segmentation": [[353.0, 315.0, 353.0, 315.0, 352.0, 409.0, 446.0, 410.0, 450.0, 408.0, 452.0, 363.0, 398.0, 364.0, 401.0, 312.0]], "image_id": 187, "bbox": [352.0, 312.0, 100.0, 98.0]}, {"id": 27, "category_id": 2, "iscrowd": 0, "segmentation": [[404.0, 315.0, 404.0, 315.0, 455.0, 315.0, 450.0, 360.0, 405.0, 361.0]], "image_id": 187, "bbox": [404.0, 315.0, 51.0, 46.0]}, {"id": 28, "category_id": 3, "iscrowd": 0, "segmentation": [[300.0, 317.0, 300.0, 317.0, 301.0, 411.0, 347.0, 411.0, 351.0, 397.0, 351.0, 315.0, 308.0, 314.0]], "image_id": 187, "bbox": [300.0, 314.0, 51.0, 97.0]}, {"id": 29, "category_id": 4, "iscrowd": 0, "segmentation": [[317.0, 266.0, 317.0, 266.0, 315.0, 306.0, 453.0, 310.0, 455.0, 263.0, 322.0, 262.0]], "image_id": 188, "bbox": [315.0, 262.0, 140.0, 48.0]}, {"id": 30, "category_id": 1, "iscrowd": 0, "segmentation": [[354.0, 314.0, 354.0, 314.0, 352.0, 407.0, 451.0, 407.0, 451.0, 359.0, 396.0, 359.0, 397.0, 314.0]], "image_id": 188, "bbox": [352.0, 314.0, 99.0, 93.0]}, {"id": 31, "category_id": 6, "iscrowd": 0, "segmentation": [[589.0, 82.0, 614.0, 106.0, 650.0, 85.0, 715.0, 149.0, 749.0, 111.0, 659.0, 8.0, 589.0, 71.0]], "image_id": 188, "bbox": [589.0, 8.0, 160.0, 141.0]}, {"id": 32, "category_id": 2, "iscrowd": 0, "segmentation": [[405.0, 317.0, 405.0, 317.0, 452.0, 316.0, 452.0, 360.0, 403.0, 362.0]], "image_id": 188, "bbox": [403.0, 316.0, 49.0, 46.0]}, {"id": 33, "category_id": 3, "iscrowd": 0, "segmentation": [[305.0, 315.0, 305.0, 315.0, 305.0, 410.0, 349.0, 410.0, 353.0, 313.0]], "image_id": 188, "bbox": [305.0, 313.0, 48.0, 97.0]}, {"id": 34, "category_id": 1, "iscrowd": 0, "segmentation": [[778.0, 636.0, 778.0, 636.0, 781.0, 672.0, 790.0, 677.0, 881.0, 668.0, 864.0, 581.0, 849.0, 572.0, 816.0, 580.0, 820.0, 624.0, 785.0, 627.0]], "image_id": 189, "bbox": [778.0, 572.0, 103.0, 105.0]}, {"id": 35, "category_id": 6, "iscrowd": 0, "segmentation": [[588.0, 81.0, 588.0, 81.0, 617.0, 111.0, 650.0, 85.0, 711.0, 149.0, 749.0, 118.0, 749.0, 110.0, 655.0, 8.0, 592.0, 70.0]], "image_id": 189, "bbox": [588.0, 8.0, 161.0, 141.0]}, {"id": 36, "category_id": 4, "iscrowd": 0, "segmentation": [[316.0, 306.0, 316.0, 306.0, 457.0, 313.0, 457.0, 268.0, 453.0, 266.0, 317.0, 264.0]], "image_id": 189, "bbox": [316.0, 264.0, 141.0, 49.0]}, {"id": 37, "category_id": 2, "iscrowd": 0, "segmentation": [[356.0, 409.0, 356.0, 409.0, 465.0, 409.0, 464.0, 313.0, 417.0, 314.0, 416.0, 361.0, 371.0, 361.0, 369.0, 401.0]], "image_id": 189, "bbox": [356.0, 313.0, 109.0, 96.0]}, {"id": 38, "category_id": 3, "iscrowd": 0, "segmentation": [[299.0, 407.0, 299.0, 407.0, 297.0, 314.0, 403.0, 317.0, 405.0, 358.0, 368.0, 362.0, 363.0, 409.0, 302.0, 412.0]], "image_id": 189, "bbox": [297.0, 314.0, 108.0, 98.0]}, {"id": 39, "category_id": 1, "iscrowd": 0, "segmentation": [[775.0, 635.0, 775.0, 635.0, 782.0, 672.0, 791.0, 677.0, 879.0, 668.0, 867.0, 582.0, 853.0, 569.0, 816.0, 577.0, 821.0, 622.0, 783.0, 628.0]], "image_id": 190, "bbox": [775.0, 569.0, 104.0, 108.0]}, {"id": 40, "category_id": 3, "iscrowd": 0, "segmentation": [[753.0, 274.0, 753.0, 274.0, 758.0, 303.0, 746.0, 328.0, 752.0, 364.0, 796.0, 373.0, 814.0, 307.0, 849.0, 319.0, 859.0, 284.0, 856.0, 254.0, 767.0, 243.0]], "image_id": 190, "bbox": [746.0, 243.0, 113.0, 130.0]}, {"id": 41, "category_id": 6, "iscrowd": 0, "segmentation": [[587.0, 80.0, 587.0, 80.0, 615.0, 111.0, 646.0, 86.0, 652.0, 85.0, 714.0, 150.0, 752.0, 114.0, 659.0, 9.0, 589.0, 67.0]], "image_id": 190, "bbox": [587.0, 9.0, 165.0, 141.0]}, {"id": 42, "category_id": 4, "iscrowd": 0, "segmentation": [[318.0, 309.0, 318.0, 309.0, 453.0, 307.0, 456.0, 257.0, 316.0, 260.0]], "image_id": 190, "bbox": [316.0, 257.0, 140.0, 52.0]}, {"id": 43, "category_id": 5, "iscrowd": 0, "segmentation": [[312.0, 319.0, 312.0, 319.0, 312.0, 360.0, 305.0, 367.0, 308.0, 410.0, 360.0, 406.0, 363.0, 318.0, 318.0, 319.0]], "image_id": 190, "bbox": [305.0, 318.0, 58.0, 92.0]}, {"id": 44, "category_id": 2, "iscrowd": 0, "segmentation": [[463.0, 317.0, 463.0, 317.0, 463.0, 409.0, 363.0, 408.0, 366.0, 364.0, 415.0, 364.0, 418.0, 316.0, 457.0, 312.0]], "image_id": 190, "bbox": [363.0, 312.0, 100.0, 97.0]}, {"id": 45, "category_id": 7, "iscrowd": 0, "segmentation": [[363.0, 315.0, 363.0, 315.0, 363.0, 363.0, 416.0, 360.0, 417.0, 318.0, 438.0, 313.0]], "image_id": 190, "bbox": [363.0, 313.0, 75.0, 50.0]}, {"id": 46, "category_id": 7, "iscrowd": 0, "segmentation": [[391.0, 224.0, 391.0, 224.0, 438.0, 235.0, 420.0, 381.0, 370.0, 376.0, 377.0, 326.0, 327.0, 315.0, 338.0, 267.0, 384.0, 274.0]], "image_id": 191, "bbox": [327.0, 224.0, 111.0, 157.0]}, {"id": 47, "category_id": 5, "iscrowd": 0, "segmentation": [[280.0, 311.0, 280.0, 311.0, 293.0, 211.0, 387.0, 224.0, 383.0, 272.0, 331.0, 270.0, 324.0, 321.0]], "image_id": 191, "bbox": [280.0, 211.0, 107.0, 110.0]}, {"id": 48, "category_id": 4, "iscrowd": 0, "segmentation": [[272.0, 363.0, 272.0, 363.0, 278.0, 314.0, 373.0, 327.0, 368.0, 373.0]], "image_id": 191, "bbox": [272.0, 314.0, 101.0, 59.0]}, {"id": 49, "category_id": 4, "iscrowd": 0, "segmentation": [[280.0, 362.0, 280.0, 362.0, 286.0, 314.0, 386.0, 324.0, 382.0, 373.0]], "image_id": 192, "bbox": [280.0, 314.0, 106.0, 59.0]}, {"id": 50, "category_id": 7, "iscrowd": 0, "segmentation": [[337.0, 275.0, 337.0, 275.0, 335.0, 318.0, 384.0, 320.0, 383.0, 375.0, 428.0, 375.0, 437.0, 226.0, 390.0, 227.0, 383.0, 275.0]], "image_id": 192, "bbox": [335.0, 226.0, 102.0, 149.0]}, {"id": 51, "category_id": 3, "iscrowd": 0, "segmentation": [[297.0, 223.0, 297.0, 223.0, 296.0, 268.0, 292.0, 272.0, 287.0, 309.0, 335.0, 316.0, 338.0, 272.0, 340.0, 272.0, 344.0, 229.0]], "image_id": 192, "bbox": [287.0, 223.0, 57.0, 93.0]}, {"id": 52, "category_id": 2, "iscrowd": 0, "segmentation": [[349.0, 228.0, 349.0, 228.0, 389.0, 229.0, 385.0, 272.0, 341.0, 270.0]], "image_id": 192, "bbox": [341.0, 228.0, 48.0, 44.0]}, {"id": 53, "category_id": 7, "iscrowd": 0, "segmentation": [[836.0, 673.0, 836.0, 673.0, 825.0, 649.0, 911.0, 614.0, 942.0, 624.0, 961.0, 662.0, 924.0, 674.0]], "image_id": 193, "bbox": [825.0, 614.0, 136.0, 60.0]}, {"id": 54, "category_id": 5, "iscrowd": 0, "segmentation": [[275.0, 313.0, 275.0, 313.0, 285.0, 213.0, 384.0, 225.0, 381.0, 271.0, 336.0, 271.0, 331.0, 317.0]], "image_id": 193, "bbox": [275.0, 213.0, 109.0, 104.0]}, {"id": 55, "category_id": 3, "iscrowd": 0, "segmentation": [[340.0, 320.0, 340.0, 320.0, 343.0, 279.0, 389.0, 279.0, 385.0, 326.0]], "image_id": 193, "bbox": [340.0, 279.0, 49.0, 47.0]}, {"id": 56, "category_id": 2, "iscrowd": 0, "segmentation": [[387.0, 229.0, 387.0, 229.0, 445.0, 235.0, 431.0, 332.0, 389.0, 328.0, 393.0, 277.0]], "image_id": 193, "bbox": [387.0, 229.0, 58.0, 103.0]}, {"id": 57, "category_id": 4, "iscrowd": 0, "segmentation": [[281.0, 376.0, 281.0, 376.0, 282.0, 326.0, 433.0, 334.0, 430.0, 379.0, 382.0, 374.0, 376.0, 379.0]], "image_id": 193, "bbox": [281.0, 326.0, 152.0, 53.0]}, {"id": 58, "category_id": 6, "iscrowd": 0, "segmentation": [[283.0, 364.0, 283.0, 364.0, 288.0, 323.0, 383.0, 328.0, 385.0, 363.0, 427.0, 363.0, 427.0, 378.0]], "image_id": 194, "bbox": [283.0, 323.0, 144.0, 55.0]}, {"id": 59, "category_id": 7, "iscrowd": 0, "segmentation": [[383.0, 216.0, 383.0, 216.0, 382.0, 265.0, 334.0, 264.0, 339.0, 313.0, 386.0, 312.0, 386.0, 365.0, 435.0, 365.0, 430.0, 217.0, 426.0, 214.0]], "image_id": 194, "bbox": [334.0, 214.0, 101.0, 151.0]}, {"id": 60, "category_id": 5, "iscrowd": 0, "segmentation": [[282.0, 218.0, 282.0, 218.0, 283.0, 313.0, 333.0, 315.0, 332.0, 264.0, 382.0, 262.0, 383.0, 225.0, 376.0, 214.0]], "image_id": 194, "bbox": [282.0, 214.0, 101.0, 101.0]}, {"id": 61, "category_id": 3, "iscrowd": 0, "segmentation": [[304.0, 240.0, 304.0, 240.0, 303.0, 285.0, 312.0, 291.0, 355.0, 291.0, 354.0, 241.0, 349.0, 239.0]], "image_id": 195, "bbox": [303.0, 239.0, 52.0, 52.0]}, {"id": 62, "category_id": 1, "iscrowd": 0, "segmentation": [[358.0, 239.0, 358.0, 239.0, 454.0, 245.0, 454.0, 293.0, 357.0, 285.0]], "image_id": 195, "bbox": [357.0, 239.0, 97.0, 54.0]}, {"id": 63, "category_id": 2, "iscrowd": 0, "segmentation": [[360.0, 296.0, 360.0, 296.0, 360.0, 337.0, 456.0, 341.0, 457.0, 295.0]], "image_id": 195, "bbox": [360.0, 295.0, 97.0, 46.0]}, {"id": 64, "category_id": 7, "iscrowd": 0, "segmentation": [[406.0, 343.0, 406.0, 343.0, 407.0, 389.0, 455.0, 389.0, 455.0, 340.0, 410.0, 340.0]], "image_id": 195, "bbox": [406.0, 340.0, 49.0, 49.0]}, {"id": 65, "category_id": 5, "iscrowd": 0, "segmentation": [[308.0, 291.0, 308.0, 291.0, 306.0, 383.0, 307.0, 388.0, 403.0, 388.0, 402.0, 337.0, 356.0, 338.0, 355.0, 292.0]], "image_id": 195, "bbox": [306.0, 291.0, 97.0, 97.0]}, {"id": 66, "category_id": 5, "iscrowd": 0, "segmentation": [[317.0, 206.0, 317.0, 206.0, 323.0, 299.0, 372.0, 297.0, 369.0, 250.0, 416.0, 243.0, 413.0, 193.0]], "image_id": 196, "bbox": [317.0, 193.0, 99.0, 106.0]}, {"id": 67, "category_id": 3, "iscrowd": 0, "segmentation": [[415.0, 192.0, 415.0, 192.0, 423.0, 238.0, 465.0, 236.0, 464.0, 185.0]], "image_id": 196, "bbox": [415.0, 185.0, 50.0, 53.0]}, {"id": 68, "category_id": 1, "iscrowd": 0, "segmentation": [[420.0, 253.0, 420.0, 253.0, 442.0, 342.0, 489.0, 325.0, 463.0, 231.0]], "image_id": 196, "bbox": [420.0, 231.0, 69.0, 111.0]}, {"id": 69, "category_id": 2, "iscrowd": 0, "segmentation": [[372.0, 255.0, 372.0, 255.0, 381.0, 348.0, 422.0, 338.0, 418.0, 243.0]], "image_id": 196, "bbox": [372.0, 243.0, 50.0, 105.0]}, {"id": 70, "category_id": 7, "iscrowd": 0, "segmentation": [[323.0, 298.0, 323.0, 298.0, 328.0, 355.0, 371.0, 354.0, 370.0, 299.0]], "image_id": 196, "bbox": [323.0, 298.0, 48.0, 57.0]}, {"id": 71, "category_id": 4, "iscrowd": 0, "segmentation": [[291.0, 221.0, 291.0, 221.0, 292.0, 272.0, 340.0, 272.0, 340.0, 224.0]], "image_id": 197, "bbox": [291.0, 221.0, 49.0, 51.0]}, {"id": 72, "category_id": 1, "iscrowd": 0, "segmentation": [[347.0, 228.0, 347.0, 228.0, 443.0, 229.0, 443.0, 274.0, 347.0, 272.0, 342.0, 267.0]], "image_id": 197, "bbox": [342.0, 228.0, 101.0, 46.0]}, {"id": 73, "category_id": 3, "iscrowd": 0, "segmentation": [[343.0, 278.0, 343.0, 278.0, 343.0, 326.0, 392.0, 328.0, 391.0, 377.0, 436.0, 377.0, 442.0, 278.0]], "image_id": 197, "bbox": [343.0, 278.0, 99.0, 99.0]}, {"id": 74, "category_id": 5, "iscrowd": 0, "segmentation": [[291.0, 280.0, 291.0, 280.0, 290.0, 371.0, 387.0, 372.0, 388.0, 332.0, 339.0, 328.0, 339.0, 280.0]], "image_id": 197, "bbox": [290.0, 280.0, 98.0, 92.0]}, {"id": 75, "category_id": 6, "iscrowd": 0, "segmentation": [[249.0, 247.0, 249.0, 247.0, 251.0, 293.0, 402.0, 287.0, 400.0, 242.0]], "image_id": 198, "bbox": [249.0, 242.0, 153.0, 51.0]}, {"id": 76, "category_id": 2, "iscrowd": 0, "segmentation": [[356.0, 295.0, 356.0, 295.0, 356.0, 339.0, 417.0, 340.0, 413.0, 286.0]], "image_id": 198, "bbox": [356.0, 286.0, 61.0, 54.0]}, {"id": 77, "category_id": 1, "iscrowd": 0, "segmentation": [[299.0, 297.0, 299.0, 297.0, 302.0, 390.0, 401.0, 388.0, 401.0, 347.0, 396.0, 339.0, 344.0, 342.0, 347.0, 292.0]], "image_id": 198, "bbox": [299.0, 292.0, 102.0, 98.0]}, {"id": 78, "category_id": 3, "iscrowd": 0, "segmentation": [[245.0, 298.0, 245.0, 298.0, 249.0, 400.0, 301.0, 395.0, 294.0, 294.0]], "image_id": 198, "bbox": [245.0, 294.0, 56.0, 106.0]}, {"id": 79, "category_id": 4, "iscrowd": 0, "segmentation": [[248.0, 373.0, 248.0, 373.0, 268.0, 416.0, 314.0, 401.0, 329.0, 443.0, 424.0, 407.0, 408.0, 359.0, 359.0, 377.0, 338.0, 334.0]], "image_id": 199, "bbox": [248.0, 334.0, 176.0, 109.0]}, {"id": 80, "category_id": 6, "iscrowd": 0, "segmentation": [[267.0, 422.0, 267.0, 422.0, 300.0, 508.0, 438.0, 451.0, 424.0, 410.0, 329.0, 446.0, 313.0, 400.0]], "image_id": 199, "bbox": [267.0, 400.0, 171.0, 108.0]}, {"id": 81, "category_id": 7, "iscrowd": 0, "segmentation": [[303.0, 351.0, 303.0, 351.0, 300.0, 343.0, 388.0, 318.0, 405.0, 360.0, 360.0, 377.0, 344.0, 340.0, 340.0, 338.0]], "image_id": 199, "bbox": [300.0, 318.0, 105.0, 59.0]}, {"id": 82, "category_id": 2, "iscrowd": 0, "segmentation": [[414.0, 366.0, 414.0, 366.0, 427.0, 361.0, 457.0, 441.0, 458.0, 447.0, 439.0, 453.0]], "image_id": 199, "bbox": [414.0, 361.0, 44.0, 92.0]}, {"id": 83, "category_id": 5, "iscrowd": 0, "segmentation": [[377.0, 355.0, 377.0, 355.0, 390.0, 448.0, 438.0, 445.0, 433.0, 395.0, 481.0, 392.0, 474.0, 338.0]], "image_id": 200, "bbox": [377.0, 338.0, 104.0, 110.0]}, {"id": 84, "category_id": 7, "iscrowd": 0, "segmentation": [[537.0, 343.0, 538.0, 344.0, 545.0, 493.0, 499.0, 495.0, 494.0, 485.0, 493.0, 445.0, 445.0, 443.0, 445.0, 397.0, 492.0, 395.0, 490.0, 344.0]], "image_id": 200, "bbox": [445.0, 343.0, 100.0, 152.0]}, {"id": 85, "category_id": 4, "iscrowd": 0, "segmentation": [[394.0, 457.0, 394.0, 457.0, 397.0, 504.0, 493.0, 495.0, 492.0, 443.0]], "image_id": 200, "bbox": [394.0, 443.0, 99.0, 61.0]}, {"id": 86, "category_id": 1, "iscrowd": 0, "segmentation": [[380.0, 447.0, 380.0, 447.0, 380.0, 495.0, 392.0, 494.0, 395.0, 450.0]], "image_id": 200, "bbox": [380.0, 447.0, 15.0, 48.0]}]